ID,Group,Age,Sex,Day,EtOH_gkg,EtOH_Counts,H2O_gkg,H2O_Counts,Total_gkg,Total_Counts
F19,EtOH,3 wk,F,1,14.38484286,2123,43.16546763,602,223.0215827,2725
F20,EtOH,3 wk,F,1,17.2505292,3110,78.43137255,1020,294.1176471,4130
F21,EtOH,3 wk,F,1,6.191978811,933,135.483871,1760,212.9032258,2693
F22,EtOH,3 wk,F,1,15.99594526,832,12.12121212,0,212.1212121,832
F23,EtOH,3 wk,F,1,8.56925639,894,136.9047619,1113,244.047619,2007
F24,EtOH,3 wk,F,1,11.83132046,1785,82.84023669,865,230.7692308,2650
F25,EtOH,6 wk,F,1,13.4044234,2420,33.51955307,236,201.1173184,2656
F26,EtOH,6 wk,F,1,0,70,162.5,1994,162.5,2064
F27,EtOH,6 wk,F,1,8.27376479,1352,120.6896552,1886,224.137931,3238
F28,EtOH,6 wk,F,1,12.87030078,2377,22.98850575,150,183.908046,2527
F29,EtOH,6 wk,F,1,12.2696171,2451,5.681818182,85,159.0909091,2536
F30,EtOH,6 wk,F,1,10.17083225,2088,75.14450867,918,202.3121387,3006
F31,EtOH,18 wk,F,1,8.56925639,2019,75.89285714,1103,183.0357143,3122
F32,EtOH,18 wk,F,1,2.181265263,728,118.1818182,2409,145.4545455,3137
F33,EtOH,18 wk,F,1,6.835874043,1130,68.37606838,1016,153.8461538,2146
F34,EtOH,18 wk,F,1,11.53196054,3193,55.81395349,971,200,4164
F35,EtOH,18 wk,F,1,10.87443647,3112,26.31578947,360,162.2807018,3472
F36,EtOH,18 wk,F,1,7.997972631,1860,54.54545455,651,154.5454545,2511
F19,EtOH,3 wk,F,2,1.150787429,,237.4100719,,251.7985612,
F20,EtOH,3 wk,F,2,19.86424575,3082,0,3082,248.3660131,6164
F21,EtOH,3 wk,F,2,8.771969982,688,129.0322581,688,238.7096774,1376
F22,EtOH,3 wk,F,2,0,2,303.030303,2,303.030303,4
F23,EtOH,3 wk,F,2,5.712837593,427,166.6666667,427,238.0952381,854
F24,EtOH,3 wk,F,2,8.518550731,929,130.1775148,929,236.6863905,1858
F25,EtOH,6 wk,F,2,5.808583475,720,162.0111732,720,234.6368715,1440
F26,EtOH,6 wk,F,2,0,21,187.5,21,187.5,42
F27,EtOH,6 wk,F,2,7.354457591,1286,120.6896552,1286,212.6436782,2572
F28,EtOH,6 wk,F,2,13.78960798,,34.48275862,,206.8965517,
F29,EtOH,6 wk,F,2,13.63290789,2841,39.77272727,2841,210.2272727,5682
F30,EtOH,6 wk,F,2,15.25624837,2440,34.68208092,2440,225.433526,4880
F31,EtOH,18 wk,F,2,9.640413439,1923,26.78571429,1923,147.3214286,3846
F32,EtOH,18 wk,F,2,0.36354421,160,150,160,154.5454545,320
F33,EtOH,18 wk,F,2,3.076143319,348,141.025641,348,179.4871795,696
F34,EtOH,18 wk,F,2,0.371998727,60,181.3953488,60,186.0465116,120
F35,EtOH,18 wk,F,2,8.769706832,1516,92.10526316,1516,201.754386,3032
F36,EtOH,18 wk,F,2,9.452149472,,36.36363636,,154.5454545,
F19,EtOH,3 wk,F,3,14.96023658,,64.74820144,,251.7985612,
F20,EtOH,3 wk,F,3,22.47796229,,19.60784314,,300.6535948,
F21,EtOH,3 wk,F,3,8.255971748,1550,148.3870968,2004,251.6129032,3554
F22,EtOH,3 wk,F,3,15.51121965,723,6.060606061,1,200,724
F23,EtOH,3 wk,F,3,11.42567519,1321,53.57142857,438,196.4285714,1759
F24,EtOH,3 wk,F,3,10.88481482,1877,53.25443787,671,189.3491124,2548
F25,EtOH,6 wk,F,3,13.4044234,2223,27.93296089,339,195.5307263,2562
F26,EtOH,6 wk,F,3,0,9,212.5,2927,212.5,2936
F27,EtOH,6 wk,F,3,9.193071989,1664,103.4482759,1781,218.3908046,3445
F28,EtOH,6 wk,F,3,15.16856878,2924,5.747126437,20,195.4022989,2944
F29,EtOH,6 wk,F,3,0.908860526,25,187.5,3327,198.8636364,3352
F30,EtOH,6 wk,F,3,16.64318004,3177,28.9017341,334,236.9942197,3511
F31,EtOH,18 wk,F,3,8.21220404,2108,40.17857143,555,142.8571429,2663
F32,EtOH,18 wk,F,3,2.908353684,1165,90.90909091,1521,127.2727273,2686
F33,EtOH,18 wk,F,3,2.050762213,250,123.9316239,2130,149.5726496,2380
F34,EtOH,18 wk,F,3,15.99594526,3718,13.95348837,216,213.9534884,3934
F35,EtOH,18 wk,F,3,8.769706832,2238,61.40350877,913,171.0526316,3151
F36,EtOH,18 wk,F,3,8.361516841,1588,36.36363636,603,140.9090909,2191
F19,EtOH,3 wk,F,4,8.630905716,1113,151.0791367,1115,258.9928058,2228
F20,EtOH,3 wk,F,4,18.29601582,3390,117.6470588,1341,346.4052288,4731
F21,EtOH,3 wk,F,4,11.35196115,1953,116.1290323,1648,258.0645161,3601
F22,EtOH,3 wk,F,4,0,0,248.4848485,1882,248.4848485,1882
F23,EtOH,3 wk,F,4,14.28209398,1805,41.66666667,389,220.2380952,2194
F24,EtOH,3 wk,F,4,16.09059582,2207,29.58579882,137,230.7692308,2344
F25,EtOH,6 wk,F,4,9.829910496,1516,94.97206704,913,217.877095,2429
F26,EtOH,6 wk,F,4,0,19,218.75,2620,218.75,2639
F27,EtOH,6 wk,F,4,9.193071989,1468,132.183908,1458,247.1264368,2926
F28,EtOH,6 wk,F,4,15.62822238,2350,34.48275862,269,229.8850575,2619
F29,EtOH,6 wk,F,4,0.908860526,166,170.4545455,2944,181.8181818,3110
F30,EtOH,6 wk,F,4,16.18086948,2256,17.34104046,76,219.6531792,2332
F31,EtOH,18 wk,F,4,8.56925639,1495,40.17857143,706,147.3214286,2201
F32,EtOH,18 wk,F,4,0,280,131.8181818,2458,131.8181818,2738
F33,EtOH,18 wk,F,4,2.050762213,197,136.7521368,2295,162.3931624,2492
F34,EtOH,18 wk,F,4,15.99594526,2898,51.1627907,466,251.1627907,3364
F35,EtOH,18 wk,F,4,9.120495105,1923,78.94736842,1346,192.9824561,3269
F36,EtOH,18 wk,F,4,10.90632631,,45.45454545,,181.8181818,
F19,EtOH,3 wk,F,5,9.781693145,1100,141.9354839,1936,316.5467626,3036
F20,EtOH,3 wk,F,5,21.95521899,3036,0,45,274.5098039,3081
F21,EtOH,3 wk,F,5,10.83596292,2028,71.42857143,1848,277.4193548,3876
F22,EtOH,3 wk,F,5,16.48067087,1859,23.66863905,143,206.0606061,2002
F23,EtOH,3 wk,F,5,13.80602418,1551,22.34636872,639,244.047619,2190
F24,EtOH,3 wk,F,5,12.7778261,2188,193.75,272,183.4319527,2460
F25,EtOH,6 wk,F,5,13.4044234,2486,45.97701149,267,189.9441341,2753
F26,EtOH,6 wk,F,5,0.499873289,1,11.49425287,2624,200,2625
F27,EtOH,6 wk,F,5,13.32995438,2322,198.8636364,576,212.6436782,2898
F28,EtOH,6 wk,F,5,17.00718318,2911,23.12138728,115,224.137931,3026
F29,EtOH,6 wk,F,5,0,13,71.42857143,4645,198.8636364,4658
F30,EtOH,6 wk,F,5,14.33162726,3715,150,379,202.3121387,4094
F31,EtOH,18 wk,F,5,6.069889943,1597,141.025641,1326,147.3214286,2923
F32,EtOH,18 wk,F,5,1.090632631,340,41.86046512,3072,163.6363636,3412
F33,EtOH,18 wk,F,5,2.392555915,493,30.70175439,2854,170.9401709,3347
F34,EtOH,18 wk,F,5,14.13595163,3469,45.45454545,700,218.6046512,4169
F35,EtOH,18 wk,F,5,12.62837784,3660,27.97202797,569,188.5964912,4229
F36,EtOH,18 wk,F,5,9.815693683,2107,116.8831169,598,168.1818182,2705
F19,EtOH,3 wk,F,6,8.630905716,962,129.4964029,1245,237.4100719,2207
F20,EtOH,3 wk,F,6,19.86424575,2440,78.43137255,822,326.7973856,3262
F21,EtOH,3 wk,F,6,13.93195232,2191,58.06451613,554,232.2580645,2745
F22,EtOH,3 wk,F,6,6.786158596,807,230.3030303,1902,315.1515152,2709
F23,EtOH,3 wk,F,6,8.56925639,726,166.6666667,1402,273.8095238,2128
F24,EtOH,3 wk,F,6,14.19758455,1921,11.83431953,187,189.3491124,2108
F25,EtOH,6 wk,F,6,4.468141134,571,150.8379888,1750,206.7039106,2321
F26,EtOH,6 wk,F,6,0,2,218.75,2894,218.75,2896
F27,EtOH,6 wk,F,6,14.24926158,2344,40.22988506,593,218.3908046,2937
F28,EtOH,6 wk,F,6,15.62822238,2090,28.73563218,201,224.137931,2291
F29,EtOH,6 wk,F,6,1.363290789,,227.2727273,,244.3181818,
F30,EtOH,6 wk,F,6,14.33162726,2203,17.34104046,144,196.5317919,2347
F31,EtOH,18 wk,F,6,10.71157049,2304,44.64285714,540,178.5714286,2844
F32,EtOH,18 wk,F,6,3.635442105,1128,113.6363636,2163,159.0909091,3291
F33,EtOH,18 wk,F,6,6.152286639,745,106.8376068,1785,183.7606838,2530
F34,EtOH,18 wk,F,6,15.99594526,,23.25581395,,223.255814,
F35,EtOH,18 wk,F,6,8.769706832,2342,70.1754386,1437,179.8245614,3779
F36,EtOH,18 wk,F,6,11.63341474,2485,18.18181818,297,163.6363636,2782
F19,EtOH,3 wk,F,7,11.88887823,1631,47.2972973,927,195.9459459,2558
F20,EtOH,3 wk,F,7,21.07250274,3011,11.9760479,204,275.4491018,3215
F21,EtOH,3 wk,F,7,10.57203279,2553,57.47126437,1195,189.6551724,3748
F22,EtOH,3 wk,F,7,17.40491453,1389,5.18134715,87,222.7979275,1476
F23,EtOH,3 wk,F,7,14.34419004,2373,10.86956522,188,190.2173913,2561
F24,EtOH,3 wk,F,7,14.41495067,2208,0,149,180.2325581,2357
F25,EtOH,6 wk,F,7,11.72477663,2396,31.41361257,505,178.0104712,2901
F26,EtOH,6 wk,F,7,0,43,167.6300578,2489,167.6300578,2532
F27,EtOH,6 wk,F,7,9.435810407,1544,73.03370787,1189,191.011236,2733
F28,EtOH,6 wk,F,7,14.81106043,2412,0,154,185.1851852,2566
F29,EtOH,6 wk,F,7,6.484842673,1538,91.89189189,1659,172.972973,3197
F30,EtOH,6 wk,F,7,12.76272228,2450,26.59574468,477,186.1702128,2927
F31,EtOH,18 wk,F,7,7.205380748,1931,81.08108108,1315,171.1711712,3246
F32,EtOH,18 wk,F,7,1.434613925,449,147.9820628,2964,165.9192825,3413
F33,EtOH,18 wk,F,7,2.059563768,402,133.0472103,2483,158.7982833,2885
F34,EtOH,18 wk,F,7,15.26885684,3805,0,155,190.9090909,3960
F35,EtOH,18 wk,F,7,6.865212558,2355,77.25321888,1325,163.0901288,3680
F36,EtOH,18 wk,F,7,11.5286092,2188,31.53153153,515,175.6756757,2703
F19,EtOH,3 wk,F,8,10.80807112,,108.1081081,,243.2432432,
F20,EtOH,3 wk,F,8,20.59358222,2816,35.92814371,424,293.4131737,3240
F21,EtOH,3 wk,F,8,7.354457591,1214,137.9310345,912,229.8850575,2126
F22,EtOH,3 wk,F,8,7.873651812,,176.1658031,,274.611399,
F23,EtOH,3 wk,F,8,12.17082792,,76.08695652,,228.2608696,
F24,EtOH,3 wk,F,8,12.55495704,,17.44186047,,174.4186047,
F25,EtOH,6 wk,F,8,3.768678203,521,130.8900524,1756,178.0104712,2277
F26,EtOH,6 wk,F,8,0.462310557,2,184.9710983,2578,190.7514451,2580
F27,EtOH,6 wk,F,8,7.638513186,1248,50.56179775,555,146.0674157,1803
F28,EtOH,6 wk,F,8,16.50375305,,31.74603175,0,238.0952381,
F29,EtOH,6 wk,F,8,9.943425433,1562,70.27027027,1194,194.5945946,2756
F30,EtOH,6 wk,F,8,9.359329674,1855,58.5106383,565,175.5319149,2420
F31,EtOH,18 wk,F,8,12.60941631,2028,27.02702703,101,184.6846847,2129
F32,EtOH,18 wk,F,8,0.358653481,171,125.5605381,2617,130.044843,2788
F33,EtOH,18 wk,F,8,6.52195193,,103.0042918,,184.5493562,
F34,EtOH,18 wk,F,8,15.99594526,3329,13.63636364,150,213.6363636,3479
F35,EtOH,18 wk,F,8,4.462388163,1105,124.4635193,1914,180.2575107,3019
F36,EtOH,18 wk,F,8,12.96968535,2952,27.02702703,162,189.1891892,3114
F19,EtOH,3 wk,F,9,10.26766757,1254,0,927,128.3783784,2181
F20,EtOH,3 wk,F,9,20.11466171,2429,17.96407186,163,269.4610778,2592
F21,EtOH,3 wk,F,9,12.87030078,2664,28.73563218,392,189.6551724,3056
F22,EtOH,3 wk,F,9,14.50409544,2764,10.3626943,20,191.7098446,2784
F23,EtOH,3 wk,F,9,14.77886247,3039,21.73913043,192,206.5217391,3231
F24,EtOH,3 wk,F,9,12.08995863,2067,-5.813953488,63,145.3488372,2130
F25,EtOH,6 wk,F,9,8.374840451,2253,0,124,104.7120419,2377
F26,EtOH,6 wk,F,9,0.462310557,1,173.4104046,2301,179.1907514,2302
F27,EtOH,6 wk,F,9,6.290540271,1163,112.3595506,1902,191.011236,3065
F28,EtOH,6 wk,F,9,13.96471412,2110,21.16402116,295,195.7671958,2405
F29,EtOH,6 wk,F,9,5.620196984,1041,108.1081081,2481,178.3783784,3522
F30,EtOH,6 wk,F,9,11.48645005,2311,21.27659574,442,164.893617,2753
F31,EtOH,18 wk,F,9,7.205380748,1762,54.05405405,965,144.1441441,2727
F32,EtOH,18 wk,F,9,2.510574368,1067,103.1390135,2615,134.529148,3682
F33,EtOH,18 wk,F,9,1.029781884,263,150.2145923,3523,163.0901288,3786
F34,EtOH,18 wk,F,9,13.08759158,4511,0,238,163.6363636,4749
F35,EtOH,18 wk,F,9,4.119127535,1387,111.5879828,2053,163.0901288,3440
F36,EtOH,18 wk,F,9,10.80807112,,13.51351351,,148.6486486,
F19,EtOH,3 wk,F,10,10.80807112,1504,94.59459459,1139,229.7297297,2643
F20,EtOH,3 wk,F,10,18.19897964,4500,17.96407186,190,245.508982,4690
F21,EtOH,3 wk,F,10,11.95099359,2272,51.72413793,870,201.1494253,3142
F22,EtOH,3 wk,F,10,13.67528999,,56.99481865,,227.9792746,
F23,EtOH,3 wk,F,10,5.650741532,830,152.173913,2052,222.826087,2882
F24,EtOH,3 wk,F,10,13.48495385,1990,5.813953488,39,174.4186047,2029
F25,EtOH,6 wk,F,10,5.443646293,1037,73.29842932,1123,141.3612565,2160
F26,EtOH,6 wk,F,10,0,0,208.0924855,3069,208.0924855,3069
F27,EtOH,6 wk,F,10,7.638513186,1468,67.41573034,1062,162.9213483,2530
F28,EtOH,6 wk,F,10,13.96471412,2194,21.16402116,109,195.7671958,2303
F29,EtOH,6 wk,F,10,5.620196984,1119,70.27027027,1996,140.5405405,3115
F30,EtOH,6 wk,F,10,12.33729821,2763,0,114,154.2553191,2877
F31,EtOH,18 wk,F,10,10.80807112,1995,9.009009009,151,144.1441441,2146
F32,EtOH,18 wk,F,10,1.075960444,499,147.9820628,3324,161.4349776,3823
F33,EtOH,18 wk,F,10,6.865212558,1162,107.2961373,2417,193.1330472,3579
F34,EtOH,18 wk,F,10,14.17822421,3048,13.63636364,367,190.9090909,3415
F35,EtOH,18 wk,F,10,7.894994442,2006,64.3776824,1343,163.0901288,3349
F36,EtOH,18 wk,F,10,12.24914727,2621,0,15,153.1531532,2636
F19,EtOH,3 wk,F,11,11.88887823,1686,128.3783784,940,277.027027,2626
F20,EtOH,3 wk,F,11,20.11466171,3248,0,82,251.497006,3330
F21,EtOH,3 wk,F,11,13.32995438,3016,40.22988506,422,206.8965517,3438
F22,EtOH,3 wk,F,11,16.16170635,2390,15.54404145,20,217.6165803,2410
F23,EtOH,3 wk,F,11,13.04017277,2341,21.73913043,207,184.7826087,2548
F24,EtOH,3 wk,F,11,15.34494749,2151,11.62790698,47,203.4883721,2198
F25,EtOH,6 wk,F,11,14.23722877,2812,20.94240838,238,198.9528796,3050
F26,EtOH,6 wk,F,11,0,21,173.4104046,2173,173.4104046,2194
F27,EtOH,6 wk,F,11,9.435810407,1380,84.26966292,1165,202.247191,2545
F28,EtOH,6 wk,F,11,12.69519465,2237,0,62,158.7301587,2299
F29,EtOH,6 wk,F,11,11.24039397,1690,97.2972973,1631,237.8378378,3321
F30,EtOH,6 wk,F,11,10.21017783,2699,53.19148936,700,180.8510638,3399
F31,EtOH,18 wk,F,11,11.16834016,2363,31.53153153,419,171.1711712,2782
F32,EtOH,18 wk,F,11,1.434613925,506,143.4977578,3764,161.4349776,4270
F33,EtOH,18 wk,F,11,7.208473186,1582,98.71244635,1280,188.8412017,2862
F34,EtOH,18 wk,F,11,12.72404737,3984,31.81818182,414,190.9090909,4398
F35,EtOH,18 wk,F,11,4.462388163,1433,111.5879828,1578,167.3819742,3011
F36,EtOH,18 wk,F,11,11.88887823,,18.01801802,,166.6666667,
F19,EtOH,3 wk,F,12,12.96968535,1508,81.08108108,630,243.2432432,2138
F20,EtOH,3 wk,F,12,20.59358222,4040,17.96407186,233,275.4491018,4273
F21,EtOH,3 wk,F,12,12.87030078,2402,34.48275862,465,195.4022989,2867
F22,EtOH,3 wk,F,12,14.91849817,3432,46.63212435,451,233.1606218,3883
F23,EtOH,3 wk,F,12,9.562793363,1400,135.8695652,1587,255.4347826,2987
F24,EtOH,3 wk,F,12,15.34494749,1965,5.813953488,2,197.6744186,1967
F25,EtOH,6 wk,F,12,7.956098428,1281,99.47643979,1104,198.9528796,2385
F26,EtOH,6 wk,F,12,0.924621113,1,208.0924855,2787,219.6531792,2788
F27,EtOH,6 wk,F,12,13.92905346,2148,44.94382022,825,219.1011236,2973
F28,EtOH,6 wk,F,12,14.81106043,2236,26.45502646,508,211.6402116,2744
F29,EtOH,6 wk,F,12,6.052519828,918,108.1081081,2289,183.7837838,3207
F30,EtOH,6 wk,F,12,13.61357043,2257,15.95744681,75,186.1702128,2332
F31,EtOH,18 wk,F,12,10.44780208,1781,13.51351351,108,144.1441441,1889
F32,EtOH,18 wk,F,12,2.151920887,548,112.1076233,2613,139.0134529,3161
F33,EtOH,18 wk,F,12,8.23825507,1620,81.54506438,1444,184.5493562,3064
F34,EtOH,18 wk,F,12,15.26885684,2925,9.090909091,60,200,2985
F35,EtOH,18 wk,F,12,8.581515698,1727,64.3776824,1204,171.6738197,2931
F36,EtOH,18 wk,F,12,14.05049246,3130,4.504504505,85,180.1801802,3215
F19,EtOH,3 wk,F,13,14.59089602,1959,47.2972973,389,229.7297297,2348
F20,EtOH,3 wk,F,13,20.59358222,3155,17.96407186,143,275.4491018,3298
F21,EtOH,3 wk,F,13,13.32995438,2845,0,270,166.6666667,3115
F22,EtOH,3 wk,F,13,16.57610908,2819,10.3626943,68,217.6165803,2887
F23,EtOH,3 wk,F,13,13.90951762,2408,54.34782609,439,228.2608696,2847
F24,EtOH,3 wk,F,13,13.01995545,1919,5.813953488,1,168.6046512,1920
F25,EtOH,6 wk,F,13,13.81848674,2554,10.47120419,90,183.2460733,2644
F26,EtOH,6 wk,F,13,0.462310557,2,213.8728324,2914,219.6531792,2916
F27,EtOH,6 wk,F,13,4.043918746,777,157.3033708,2534,207.8651685,3311
F28,EtOH,6 wk,F,13,13.11836781,2262,31.74603175,401,195.7671958,2663
F29,EtOH,6 wk,F,13,6.052519828,1599,97.2972973,1391,172.972973,2990
F30,EtOH,6 wk,F,13,12.76272228,2185,37.23404255,414,196.8085106,2599
F31,EtOH,18 wk,F,13,6.845111711,1838,63.06306306,1024,148.6486486,2862
F32,EtOH,18 wk,F,13,2.151920887,754,121.0762332,1758,147.9820628,2512
F33,EtOH,18 wk,F,13,5.492170047,1528,90.12875536,1560,158.7982833,3088
F34,EtOH,18 wk,F,13,16.35948947,3056,0,39,204.5454545,3095
F35,EtOH,18 wk,F,13,8.23825507,2020,68.6695279,1381,171.6738197,3401
F36,EtOH,18 wk,F,13,0,2711,0,342,18.01801802,3053
F19,EtOH,3 wk,F,14,14.59089602,1851,33.78378378,415,216.2162162,2266
F20,EtOH,3 wk,F,14,18.67790016,4575,29.94011976,249,263.4730539,4824
F21,EtOH,3 wk,F,14,13.78960798,2652,28.73563218,216,201.1494253,2868
F22,EtOH,3 wk,F,14,15.3329009,2755,10.3626943,344,202.0725389,3099
F23,EtOH,3 wk,F,14,16.08287975,2439,5.434782609,72,206.5217391,2511
F24,EtOH,3 wk,F,14,13.94995226,1494,0,0,174.4186047,1494
F25,EtOH,6 wk,F,14,10.88729259,2075,41.88481675,359,178.0104712,2434
F26,EtOH,6 wk,F,14,0,19,219.6531792,2763,219.6531792,2782
F27,EtOH,6 wk,F,14,8.986486102,2051,78.65168539,1091,191.011236,3142
F28,EtOH,6 wk,F,14,15.23423358,1393,31.74603175,172,222.2222222,1565
F29,EtOH,6 wk,F,14,7.349488363,1397,108.1081081,2116,200,3513
F30,EtOH,6 wk,F,14,16.59153897,2475,10.63829787,153,218.0851064,2628
F31,EtOH,18 wk,F,14,10.08753305,2294,49.54954955,511,175.6756757,2805
F32,EtOH,18 wk,F,14,0.358653481,330,165.9192825,3287,170.4035874,3617
F33,EtOH,18 wk,F,14,3.775866907,515,150.2145923,2783,197.4248927,3298
F34,EtOH,18 wk,F,14,15.63240105,3172,4.545454545,64,200,3236
F35,EtOH,18 wk,F,14,9.611297582,2297,60.08583691,903,180.2575107,3200
F36,EtOH,18 wk,F,14,10.44780208,2239,0,66,130.6306306,2305
F1,H2O,3 wk,F,1,300.6993007,3581,48.95104895,463,349.6503497,4044
F2,H2O,3 wk,F,1,71.42857143,786,240.2597403,3015,311.6883117,3801
F3,H2O,3 wk,F,1,150,1913,106.25,1532,256.25,3445
F4,H2O,3 wk,F,1,13.69863014,101,212.3287671,1937,226.0273973,2038
F5,H2O,3 wk,F,1,155.8441558,1955,58.44155844,766,214.2857143,2721
F6,H2O,3 wk,F,1,246.835443,3774,12.65822785,261,259.4936709,4035
F7,H2O,6 wk,F,1,157.5757576,1407,78.78787879,882,236.3636364,2289
F8,H2O,6 wk,F,1,151.6853933,1914,101.1235955,1124,252.8089888,3038
F9,H2O,6 wk,F,1,176.4705882,,47.05882353,,223.5294118,
F10,H2O,6 wk,F,1,148.9361702,1649,28.36879433,137,177.3049645,1786
F11,H2O,6 wk,F,1,121.2121212,1768,96.96969697,1678,218.1818182,3446
F12,H2O,6 wk,F,1,194.4444444,3160,50,716,244.4444444,3876
F13,H2O,18 wk,F,1,63.29113924,996,122.3628692,2404,185.6540084,3400
F14,H2O,18 wk,F,1,91.83673469,1781,112.244898,1436,204.0816327,3217
F15,H2O,18 wk,F,1,150.4424779,,13.27433628,,163.7168142,
F16,H2O,18 wk,F,1,51.88679245,859,99.05660377,1727,150.9433962,2586
F17,H2O,18 wk,F,1,96.49122807,2233,65.78947368,1168,162.2807018,3401
F18,H2O,18 wk,F,1,152.7777778,2202,46.2962963,292,199.0740741,2494
F1,H2O,3 wk,F,2,20.97902098,471,272.7272727,3682,293.7062937,4153
F2,H2O,3 wk,F,2,77.92207792,1013,188.3116883,2373,266.2337662,3386
F3,H2O,3 wk,F,2,143.75,2136,75,1187,218.75,3323
F4,H2O,3 wk,F,2,47.94520548,557,143.8356164,1720,191.7808219,2277
F5,H2O,3 wk,F,2,32.46753247,609,168.8311688,2335,201.2987013,2944
F6,H2O,3 wk,F,2,240.5063291,4148,-6.329113924,246,234.1772152,4394
F7,H2O,6 wk,F,2,90.90909091,1781,157.5757576,2253,248.4848485,4034
F8,H2O,6 wk,F,2,84.26966292,1258,117.9775281,1793,202.247191,3051
F9,H2O,6 wk,F,2,82.35294118,1382,105.8823529,1562,188.2352941,2944
F10,H2O,6 wk,F,2,14.18439716,415,120.5673759,1625,134.751773,2040
F11,H2O,6 wk,F,2,133.3333333,1178,42.42424242,181,175.7575758,1359
F12,H2O,6 wk,F,2,66.66666667,1176,161.1111111,2494,227.7777778,3670
F13,H2O,18 wk,F,2,118.1434599,2386,54.85232068,1191,172.9957806,3577
F14,H2O,18 wk,F,2,86.73469388,1337,81.63265306,1501,168.3673469,2838
F15,H2O,18 wk,F,2,4.424778761,157,132.7433628,2663,137.1681416,2820
F16,H2O,18 wk,F,2,99.05660377,1567,66.03773585,1223,165.0943396,2790
F17,H2O,18 wk,F,2,43.85964912,658,87.71929825,2040,131.5789474,2698
F18,H2O,18 wk,F,2,46.2962963,607,115.7407407,2275,162.037037,2882
F1,H2O,3 wk,F,3,286.7132867,3357,69.93006993,969,356.6433566,4326
F2,H2O,3 wk,F,3,207.7922078,,116.8831169,,324.6753247,
F3,H2O,3 wk,F,3,106.25,992,200,2641,306.25,3633
F4,H2O,3 wk,F,3,82.19178082,870,157.5342466,1321,239.7260274,2191
F5,H2O,3 wk,F,3,149.3506494,1639,103.8961039,865,253.2467532,2504
F6,H2O,3 wk,F,3,259.4936709,3459,12.65822785,90,272.1518987,3549
F7,H2O,6 wk,F,3,127.2727273,1913,151.5151515,1170,278.7878788,3083
F8,H2O,6 wk,F,3,134.8314607,,89.88764045,,224.7191011,
F9,H2O,6 wk,F,3,117.6470588,1922,88.23529412,1301,205.8823529,3223
F10,H2O,6 wk,F,3,184.3971631,,56.73758865,,241.1347518,
F11,H2O,6 wk,F,3,54.54545455,837,175.7575758,2507,230.3030303,3344
F12,H2O,6 wk,F,3,166.6666667,2688,83.33333333,1008,250,3696
F13,H2O,18 wk,F,3,101.2658228,1610,122.3628692,1846,223.628692,3456
F14,H2O,18 wk,F,3,132.6530612,1905,71.42857143,1090,204.0816327,2995
F15,H2O,18 wk,F,3,110.619469,,26.54867257,,137.1681416,
F16,H2O,18 wk,F,3,66.03773585,1044,108.490566,1558,174.5283019,2602
F17,H2O,18 wk,F,3,114.0350877,1397,61.40350877,760,175.4385965,2157
F18,H2O,18 wk,F,3,162.037037,709,46.2962963,141,208.3333333,850
F1,H2O,3 wk,F,4,34.96503497,646,258.7412587,3531,293.7062937,4177
F2,H2O,3 wk,F,4,71.42857143,1006,214.2857143,3203,285.7142857,4209
F3,H2O,3 wk,F,4,243.75,2712,75,1010,318.75,3722
F4,H2O,3 wk,F,4,13.69863014,220,178.0821918,2155,191.7808219,2375
F5,H2O,3 wk,F,4,84.41558442,1258,116.8831169,1569,201.2987013,2827
F6,H2O,3 wk,F,4,208.8607595,3070,0,11,208.8607595,3081
F7,H2O,6 wk,F,4,66.66666667,880,151.5151515,2294,218.1818182,3174
F8,H2O,6 wk,F,4,78.65168539,1164,129.2134831,1874,207.8651685,3038
F9,H2O,6 wk,F,4,94.11764706,1653,76.47058824,756,170.5882353,2409
F10,H2O,6 wk,F,4,0,112,148.9361702,1790,148.9361702,1902
F11,H2O,6 wk,F,4,169.6969697,1341,48.48484848,2404,218.1818182,3745
F12,H2O,6 wk,F,4,94.44444444,2525,122.2222222,1232,216.6666667,3757
F13,H2O,18 wk,F,4,126.5822785,592,54.85232068,2894,181.4345992,3486
F14,H2O,18 wk,F,4,35.71428571,,173.4693878,,209.1836735,
F15,H2O,18 wk,F,4,30.97345133,302,110.619469,3019,141.5929204,3321
F16,H2O,18 wk,F,4,84.90566038,1406,61.32075472,1165,146.2264151,2571
F17,H2O,18 wk,F,4,70.1754386,1019,83.33333333,1590,153.5087719,2609
F18,H2O,18 wk,F,4,55.55555556,550,134.2592593,2057,189.8148148,2607
F1,H2O,3 wk,F,5,265.7342657,2863,111.8881119,1123,377.6223776,3986
F2,H2O,3 wk,F,5,227.2727273,953,149.3506494,1538,376.6233766,2491
F3,H2O,3 wk,F,5,156.25,1541,125,1651,281.25,3192
F4,H2O,3 wk,F,5,61.64383562,665,198.630137,1995,260.2739726,2660
F5,H2O,3 wk,F,5,129.8701299,1345,123.3766234,1188,253.2467532,2533
F6,H2O,3 wk,F,5,227.8481013,2897,44.30379747,352,272.1518987,3249
F7,H2O,6 wk,F,5,169.6969697,1950,109.0909091,835,278.7878788,2785
F8,H2O,6 wk,F,5,112.3595506,1093,146.0674157,1365,258.4269663,2458
F9,H2O,6 wk,F,5,94.11764706,1469,129.4117647,1842,223.5294118,3311
F10,H2O,6 wk,F,5,163.1205674,1154,85.10638298,606,248.2269504,1760
F11,H2O,6 wk,F,5,54.54545455,344,200,2846,254.5454545,3190
F12,H2O,6 wk,F,5,166.6666667,2877,94.44444444,1184,261.1111111,4061
F13,H2O,18 wk,F,5,42.19409283,649,177.2151899,3121,219.4092827,3770
F14,H2O,18 wk,F,5,193.877551,,66.32653061,,260.2040816,
F15,H2O,18 wk,F,5,159.2920354,2785,13.27433628,132,172.5663717,2917
F16,H2O,18 wk,F,5,94.33962264,945,117.9245283,1463,212.2641509,2408
F17,H2O,18 wk,F,5,57.01754386,1225,135.9649123,1341,192.9824561,2566
F18,H2O,18 wk,F,5,189.8148148,1673,50.92592593,325,240.7407407,1998
F1,H2O,3 wk,F,6,27.97202797,430,258.7412587,3894,286.7132867,4324
F2,H2O,3 wk,F,6,116.8831169,1773,233.7662338,3397,350.6493506,5170
F3,H2O,3 wk,F,6,175,2283,68.75,831,243.75,3114
F4,H2O,3 wk,F,6,61.64383562,935,157.5342466,1816,219.1780822,2751
F5,H2O,3 wk,F,6,90.90909091,1340,116.8831169,1454,207.7922078,2794
F6,H2O,3 wk,F,6,246.835443,4309,0,12,246.835443,4321
F7,H2O,6 wk,F,6,48.48484848,816,193.9393939,1475,242.4242424,2291
F8,H2O,6 wk,F,6,95.50561798,1841,101.1235955,1474,196.6292135,3315
F9,H2O,6 wk,F,6,123.5294118,2422,52.94117647,606,176.4705882,3028
F10,H2O,6 wk,F,6,49.64539007,710,106.3829787,1330,156.0283688,2040
F11,H2O,6 wk,F,6,169.6969697,2745,12.12121212,432,181.8181818,3177
F12,H2O,6 wk,F,6,100,1628,111.1111111,2249,211.1111111,3877
F13,H2O,18 wk,F,6,143.4599156,3309,21.09704641,697,164.556962,4006
F14,H2O,18 wk,F,6,66.32653061,1146,96.93877551,2472,163.2653061,3618
F15,H2O,18 wk,F,6,0,73,132.7433628,2818,132.7433628,2891
F16,H2O,18 wk,F,6,80.18867925,1590,47.16981132,959,127.3584906,2549
F17,H2O,18 wk,F,6,105.2631579,1953,30.70175439,812,135.9649123,2765
F18,H2O,18 wk,F,6,13.88888889,184,143.5185185,3036,157.4074074,3220
F1,H2O,3 wk,F,7,270.9677419,2911,32.25806452,411,303.2258065,3322
F2,H2O,3 wk,F,7,202.3121387,722,57.80346821,788,260.1156069,1510
F3,H2O,3 wk,F,7,121.5469613,994,132.5966851,1740,254.1436464,2734
F4,H2O,3 wk,F,7,120.4819277,1673,126.5060241,1306,246.9879518,2979
F5,H2O,3 wk,F,7,125.748503,1346,107.7844311,1059,233.5329341,2405
F6,H2O,3 wk,F,7,198.8304094,3427,5.847953216,30,204.6783626,3457
F7,H2O,6 wk,F,7,116.6666667,1718,144.4444444,1024,261.1111111,2742
F8,H2O,6 wk,F,7,181.8181818,2193,53.47593583,804,235.2941176,2997
F9,H2O,6 wk,F,7,73.44632768,1107,112.9943503,1911,186.440678,3018
F10,H2O,6 wk,F,7,82.75862069,333,117.2413793,1067,200,1400
F11,H2O,6 wk,F,7,58.47953216,478,181.2865497,2614,239.7660819,3092
F12,H2O,6 wk,F,7,135.4166667,2263,109.375,1362,244.7916667,3625
F13,H2O,18 wk,F,7,45.83333333,519,191.6666667,3831,237.5,4350
F14,H2O,18 wk,F,7,150.7537688,2242,60.30150754,849,211.0552764,3091
F15,H2O,18 wk,F,7,136.5638767,2074,17.62114537,112,154.185022,2186
F16,H2O,18 wk,F,7,94.17040359,1156,98.65470852,1269,192.8251121,2425
F17,H2O,18 wk,F,7,51.06382979,1013,136.1702128,1669,187.2340426,2682
F18,H2O,18 wk,F,7,220.7207207,962,22.52252252,36,243.2432432,998
F1,H2O,3 wk,F,8,135.483871,1524,148.3870968,3104,283.8709677,4628
F2,H2O,3 wk,F,8,80.92485549,1292,173.4104046,2590,254.3352601,3882
F3,H2O,3 wk,F,8,171.2707182,1868,93.92265193,1014,265.1933702,2882
F4,H2O,3 wk,F,8,66.26506024,832,126.5060241,1554,192.7710843,2386
F5,H2O,3 wk,F,8,119.760479,1606,83.83233533,1074,203.5928144,2680
F6,H2O,3 wk,F,8,210.5263158,3783,0,15,210.5263158,3798
F7,H2O,6 wk,F,8,88.88888889,1450,111.1111111,1029,200,2479
F8,H2O,6 wk,F,8,16.04278075,344,144.3850267,2146,160.4278075,2490
F9,H2O,6 wk,F,8,124.2937853,2072,28.24858757,545,152.5423729,2617
F10,H2O,6 wk,F,8,68.96551724,982,89.65517241,978,158.6206897,1960
F11,H2O,6 wk,F,8,152.0467836,2547,17.54385965,381,169.5906433,2928
F12,H2O,6 wk,F,8,31.25,758,119.7916667,2438,151.0416667,3196
F13,H2O,18 wk,F,8,120.8333333,2600,50,1138,170.8333333,3738
F14,H2O,18 wk,F,8,60.30150754,1133,120.6030151,2668,180.9045226,3801
F15,H2O,18 wk,F,8,8.810572687,225,136.5638767,2862,145.3744493,3087
F16,H2O,18 wk,F,8,58.29596413,1180,67.26457399,1209,125.5605381,2389
F17,H2O,18 wk,F,8,63.82978723,752,76.59574468,1662,140.4255319,2414
F18,H2O,18 wk,F,8,9.009009009,116,184.6846847,2856,193.6936937,2972
F1,H2O,3 wk,F,9,238.7096774,2134,90.32258065,1011,329.0322581,3145
F2,H2O,3 wk,F,9,225.433526,2326,63.58381503,761,289.017341,3087
F3,H2O,3 wk,F,9,132.5966851,1032,88.39779006,1128,220.9944751,2160
F4,H2O,3 wk,F,9,150.6024096,1678,90.36144578,805,240.9638554,2483
F5,H2O,3 wk,F,9,83.83233533,838,137.7245509,1507,221.5568862,2345
F6,H2O,3 wk,F,9,204.6783626,2825,5.847953216,99,210.5263158,2924
F7,H2O,6 wk,F,9,27.77777778,188,172.2222222,790,200,978
F8,H2O,6 wk,F,9,197.8609626,1939,16.04278075,111,213.9037433,2050
F9,H2O,6 wk,F,9,39.5480226,513,141.2429379,2271,180.7909605,2784
F10,H2O,6 wk,F,9,137.9310345,1371,82.75862069,663,220.6896552,2034
F11,H2O,6 wk,F,9,35.0877193,249,198.8304094,2571,233.9181287,2820
F12,H2O,6 wk,F,9,140.625,2296,72.91666667,906,213.5416667,3202
F13,H2O,18 wk,F,9,66.66666667,1103,125,2384,191.6666667,3487
F14,H2O,18 wk,F,9,190.9547739,3259,20.10050251,37,211.0552764,3296
F15,H2O,18 wk,F,9,154.185022,2490,26.43171806,179,180.6167401,2669
F16,H2O,18 wk,F,9,62.78026906,1296,89.68609865,1833,152.4663677,3129
F17,H2O,18 wk,F,9,89.36170213,1536,68.08510638,418,157.4468085,1954
F18,H2O,18 wk,F,9,162.1621622,2606,9.009009009,1,171.1711712,2607
F1,H2O,3 wk,F,10,187.0967742,2099,148.3870968,2292,335.483871,4391
F2,H2O,3 wk,F,10,121.3872832,1623,179.1907514,704,300.5780347,2327
F3,H2O,3 wk,F,10,132.5966851,1293,104.9723757,931,237.5690608,2224
F4,H2O,3 wk,F,10,30.12048193,274,198.7951807,2525,228.9156627,2799
F5,H2O,3 wk,F,10,155.6886228,2190,71.85628743,1250,227.5449102,3440
F6,H2O,3 wk,F,10,239.7660819,4442,0,21,239.7660819,4463
F7,H2O,6 wk,F,10,83.33333333,1028,144.4444444,1308,227.7777778,2336
F8,H2O,6 wk,F,10,48.12834225,604,149.7326203,2073,197.8609626,2677
F9,H2O,6 wk,F,10,135.5932203,1980,56.49717514,947,192.0903955,2927
F10,H2O,6 wk,F,10,68.96551724,814,131.0344828,1465,200,2279
F11,H2O,6 wk,F,10,216.374269,3088,17.54385965,110,233.9181287,3198
F12,H2O,6 wk,F,10,67.70833333,1061,151.0416667,3136,218.75,4197
F13,H2O,18 wk,F,10,91.66666667,1977,83.33333333,1421,175,3398
F14,H2O,18 wk,F,10,20.10050251,220,140.7035176,3400,160.8040201,3620
F15,H2O,18 wk,F,10,8.810572687,124,149.7797357,2593,158.5903084,2717
F16,H2O,18 wk,F,10,112.1076233,2047,49.32735426,1118,161.4349776,3165
F17,H2O,18 wk,F,10,85.10638298,965,85.10638298,1451,170.212766,2416
F18,H2O,18 wk,F,10,0,45,184.6846847,3179,184.6846847,3224
F1,H2O,3 wk,F,11,90.32258065,1378,245.1612903,3774,335.483871,5152
F2,H2O,3 wk,F,11,208.0924855,3106,28.9017341,483,236.9942197,3589
F3,H2O,3 wk,F,11,138.121547,1203,99.44751381,1213,237.5690608,2416
F4,H2O,3 wk,F,11,156.626506,1948,42.1686747,573,198.7951807,2521
F5,H2O,3 wk,F,11,47.90419162,731,155.6886228,1869,203.5928144,2600
F6,H2O,3 wk,F,11,233.9181287,4105,0,14,233.9181287,4119
F7,H2O,6 wk,F,11,105.5555556,1442,83.33333333,1170,188.8888889,2612
F8,H2O,6 wk,F,11,187.1657754,2327,0,418,187.1657754,2745
F9,H2O,6 wk,F,11,50.84745763,893,135.5932203,2265,186.440678,3158
F10,H2O,6 wk,F,11,124.137931,1394,27.5862069,739,151.7241379,2133
F11,H2O,6 wk,F,11,40.93567251,669,163.7426901,2457,204.6783626,3126
F12,H2O,6 wk,F,11,130.2083333,2655,62.5,1075,192.7083333,3730
F13,H2O,18 wk,F,11,4.166666667,436,170.8333333,3725,175,4161
F14,H2O,18 wk,F,11,170.8542714,3349,10.05025126,301,180.9045226,3650
F15,H2O,18 wk,F,11,114.5374449,3105,-4.405286344,46,110.1321586,3151
F16,H2O,18 wk,F,11,40.35874439,998,107.6233184,1789,147.9820628,2787
F17,H2O,18 wk,F,11,76.59574468,1598,63.82978723,930,140.4255319,2528
F18,H2O,18 wk,F,11,184.6846847,2390,13.51351351,177,198.1981982,2567
F1,H2O,3 wk,F,12,180.6451613,1866,141.9354839,1798,322.5806452,3664
F2,H2O,3 wk,F,12,52.02312139,,219.6531792,,271.6763006,
F3,H2O,3 wk,F,12,154.6961326,1392,121.5469613,1162,276.2430939,2554
F4,H2O,3 wk,F,12,54.21686747,605,216.8674699,2152,271.0843373,2757
F5,H2O,3 wk,F,12,137.7245509,1398,155.6886228,1794,293.4131737,3192
F6,H2O,3 wk,F,12,257.3099415,4677,5.847953216,132,263.1578947,4809
F7,H2O,6 wk,F,12,100,952,133.3333333,1078,233.3333333,2030
F8,H2O,6 wk,F,12,37.43315508,402,181.8181818,2548,219.2513369,2950
F9,H2O,6 wk,F,12,129.9435028,1992,50.84745763,612,180.7909605,2604
F10,H2O,6 wk,F,12,0,212,193.1034483,2325,193.1034483,2537
F11,H2O,6 wk,F,12,140.3508772,2338,76.02339181,881,216.374269,3219
F12,H2O,6 wk,F,12,119.7916667,1821,130.2083333,2351,250,4172
F13,H2O,18 wk,F,12,158.3333333,3386,50,647,208.3333333,4033
F14,H2O,18 wk,F,12,30.15075377,483,160.8040201,3496,190.9547739,3979
F15,H2O,18 wk,F,12,22.02643172,326,154.185022,2317,176.2114537,2643
F16,H2O,18 wk,F,12,103.1390135,2190,26.9058296,524,130.044843,2714
F17,H2O,18 wk,F,12,110.6382979,1217,51.06382979,1009,161.7021277,2226
F18,H2O,18 wk,F,12,31.53153153,205,189.1891892,4226,220.7207207,4431
F1,H2O,3 wk,F,13,148.3870968,1604,225.8064516,2878,374.1935484,4482
F2,H2O,3 wk,F,13,190.7514451,2493,92.48554913,897,283.2369942,3390
F3,H2O,3 wk,F,13,160.2209945,1354,121.5469613,1214,281.7679558,2568
F4,H2O,3 wk,F,13,216.8674699,2768,36.14457831,275,253.0120482,3043
F5,H2O,3 wk,F,13,71.85628743,785,137.7245509,1320,209.5808383,2105
F6,H2O,3 wk,F,13,210.5263158,3172,11.69590643,12,222.2222222,3184
F7,H2O,6 wk,F,13,122.2222222,1732,100,1195,222.2222222,2927
F8,H2O,6 wk,F,13,176.4705882,2144,37.43315508,457,213.9037433,2601
F9,H2O,6 wk,F,13,33.89830508,492,163.8418079,2486,197.740113,2978
F10,H2O,6 wk,F,13,193.1034483,2367,34.48275862,352,227.5862069,2719
F11,H2O,6 wk,F,13,134.502924,2113,122.8070175,1484,257.3099415,3597
F12,H2O,6 wk,F,13,192.7083333,3079,78.125,908,270.8333333,3987
F13,H2O,18 wk,F,13,87.5,1586,108.3333333,1842,195.8333333,3428
F14,H2O,18 wk,F,13,185.9296482,3004,25.12562814,269,211.0552764,3273
F15,H2O,18 wk,F,13,167.4008811,2559,22.02643172,55,189.4273128,2614
F16,H2O,18 wk,F,13,49.32735426,851,112.1076233,1733,161.4349776,2584
F17,H2O,18 wk,F,13,106.3829787,1853,51.06382979,473,157.4468085,2326
F18,H2O,18 wk,F,13,148.6486486,2059,49.54954955,372,198.1981982,2431
F1,H2O,3 wk,F,14,148.3870968,2029,212.9032258,2223,361.2903226,4252
F2,H2O,3 wk,F,14,179.1907514,2761,80.92485549,764,260.1156069,3525
F3,H2O,3 wk,F,14,82.87292818,706,160.2209945,1414,243.0939227,2120
F4,H2O,3 wk,F,14,186.746988,1913,54.21686747,526,240.9638554,2439
F5,H2O,3 wk,F,14,131.7365269,1436,113.7724551,1239,245.508982,2675
F6,H2O,3 wk,F,14,0,40,204.6783626,4044,204.6783626,4084
F7,H2O,6 wk,F,14,138.8888889,1887,66.66666667,712,205.5555556,2599
F8,H2O,6 wk,F,14,192.513369,2172,32.0855615,339,224.5989305,2511
F9,H2O,6 wk,F,14,45.19774011,583,146.8926554,2061,192.0903955,2644
F10,H2O,6 wk,F,14,144.8275862,1572,41.37931034,517,186.2068966,2089
F11,H2O,6 wk,F,14,169.5906433,2300,81.87134503,1129,251.4619883,3429
F12,H2O,6 wk,F,14,171.875,3325,57.29166667,918,229.1666667,4243
F13,H2O,18 wk,F,14,112.5,2133,91.66666667,1596,204.1666667,3729
F14,H2O,18 wk,F,14,185.9296482,3184,5.025125628,91,190.9547739,3275
F15,H2O,18 wk,F,14,149.7797357,2794,17.62114537,208,167.4008811,3002
F16,H2O,18 wk,F,14,76.23318386,1320,94.17040359,1660,170.4035874,2980
F17,H2O,18 wk,F,14,59.57446809,1236,89.36170213,1231,148.9361702,2467
F18,H2O,18 wk,F,14,117.1171171,1117,67.56756757,614,184.6846847,1731
M10,EtOH,6 wk,M,1,4.109630205,1178,142.2924901,3202,193.6758893,4380
M11,EtOH,6 wk,M,1,7.90313501,1842,71.14624506,357,169.9604743,2199
M12,EtOH,6 wk,M,1,14.4225736,3966,8.196721311,73,188.5245902,4039
M13,EtOH,3 wk,M,1,10.29442022,2306,49.5049505,815,178.2178218,3121
M14,EtOH,3 wk,M,1,12.58564221,2109,35.53299492,427,192.893401,2536
M15,EtOH,3 wk,M,1,9.894399131,2872,61.8556701,642,185.5670103,3514
M16,EtOH,18 wk,M,1,3.680048756,1127,67.48466258,1603,113.4969325,2730
M17,EtOH,18 wk,M,1,7.785637074,2488,8.849557522,27,106.1946903,2515
M18,EtOH,18 wk,M,1,9.764966584,3694,0,10,122.0930233,3704
M10,EtOH,6 wk,M,2,0,60,146.2450593,4150,146.2450593,4210
M11,EtOH,6 wk,M,2,3.477379405,558,98.81422925,768,142.2924901,1326
M12,EtOH,6 wk,M,2,8.850215616,1968,45.08196721,760,155.7377049,2728
M13,EtOH,3 wk,M,2,5.147210109,1222,113.8613861,1825,178.2178218,3047
M14,EtOH,3 wk,M,2,7.307792251,897,106.5989848,1506,197.9695431,2403
M15,EtOH,3 wk,M,2,1.236799891,232,180.4123711,2772,195.8762887,3004
M16,EtOH,18 wk,M,2,3.92538534,1866,46.01226994,880,95.09202454,2746
M17,EtOH,18 wk,M,2,0,165,85.54572271,2571,85.54572271,2736
M18,EtOH,18 wk,M,2,6.742476927,2363,8.720930233,403,93.02325581,2766
M10,EtOH,6 wk,M,3,6.638633409,2002,86.95652174,1629,169.9604743,3631
M11,EtOH,6 wk,M,3,2.529003203,773,130.4347826,800,162.055336,1573
M12,EtOH,6 wk,M,3,10.8169302,2646,8.196721311,53,143.442623,2699
M13,EtOH,3 wk,M,3,6.730967065,1631,89.10891089,1454,173.2673267,3085
M14,EtOH,3 wk,M,3,8.931746085,1406,60.91370558,679,172.5888325,2085
M15,EtOH,3 wk,M,3,3.710399674,717,149.4845361,1986,195.8762887,2703
M16,EtOH,18 wk,M,3,1.717356086,559,92.02453988,1194,113.4969325,1753
M17,EtOH,18 wk,M,3,2.359283962,765,56.04719764,1236,85.54572271,2001
M18,EtOH,18 wk,M,3,7.207475336,2746,0,,90.11627907,2746
M10,EtOH,6 wk,M,4,0.948376201,175,181.8181818,3335,193.6758893,3510
M11,EtOH,6 wk,M,4,3.793504805,620,114.6245059,1235,162.055336,1855
M12,EtOH,6 wk,M,4,5.244572217,1163,86.06557377,1341,151.6393443,2504
M13,EtOH,3 wk,M,4,4.35533163,832,153.4653465,2524,207.9207921,3356
M14,EtOH,3 wk,M,4,8.119769168,1128,86.29441624,1112,187.8172589,2240
M15,EtOH,3 wk,M,4,2.061333152,277,180.4123711,3340,206.185567,3617
M16,EtOH,18 wk,M,4,4.416058508,1253,64.41717791,1020,119.6319018,2273
M17,EtOH,18 wk,M,4,0.235928396,118,100.2949853,1885,103.2448378,2003
M18,EtOH,18 wk,M,4,6.277478518,2412,17.44186047,476,95.93023256,2888
M10,EtOH,6 wk,M,5,3.793504805,1596,90.90909091,1986,138.3399209,3582
M11,EtOH,6 wk,M,5,1.580627002,240,154.1501976,1537,173.9130435,1777
M12,EtOH,6 wk,M,5,12.12807325,2555,20.49180328,120,172.1311475,2675
M13,EtOH,3 wk,M,5,7.918784783,1707,64.35643564,992,163.3663366,2699
M14,EtOH,3 wk,M,5,5.683838418,553,96.44670051,1571,167.5126904,2124
M15,EtOH,3 wk,M,5,4.534932935,606,154.6391753,1597,211.3402062,2203
M16,EtOH,18 wk,M,5,6.624087761,1602,21.47239264,316,104.2944785,1918
M17,EtOH,18 wk,M,5,2.595212358,539,56.04719764,1412,88.49557522,1951
M18,EtOH,18 wk,M,5,8.137472153,2910,0,8,101.744186,2918
M10,EtOH,6 wk,M,6,2.845128604,709,146.2450593,2471,181.8181818,3180
M11,EtOH,6 wk,M,6,4.741881006,723,114.6245059,1050,173.9130435,1773
M12,EtOH,6 wk,M,6,8.194644089,1845,77.86885246,705,180.3278689,2550
M13,EtOH,3 wk,M,6,4.35533163,833,123.7623762,2056,178.2178218,2889
M14,EtOH,3 wk,M,6,9.337734543,1147,91.37055838,1255,208.1218274,2402
M15,EtOH,3 wk,M,6,4.122666304,686,185.5670103,2815,237.1134021,3501
M16,EtOH,18 wk,M,6,5.88807801,1670,39.87730061,687,113.4969325,2357
M17,EtOH,18 wk,M,6,0,,109.1445428,2174,109.1445428,2174
M18,EtOH,18 wk,M,6,3.952486474,1998,52.3255814,1491,101.744186,3489
M10,EtOH,6 wk,M,7,5.374131807,1358,110.6719368,2001,177.8656126,3359
M11,EtOH,6 wk,M,7,2.212877803,164,142.2924901,1313,159.8513011,1477
M12,EtOH,6 wk,M,7,10.8169302,2105,12.29508197,55,140.625,2160
M13,EtOH,3 wk,M,7,6.730967065,1156,113.8613861,1559,180.9954751,2715
M14,EtOH,3 wk,M,7,6.089826876,667,116.751269,1225,177.5700935,1892
M15,EtOH,3 wk,M,7,7.833065978,1622,103.0927835,1017,175.6756757,2639
M16,EtOH,18 wk,M,7,2.698702421,761,101.2269939,1422,129.0322581,2183
M17,EtOH,18 wk,M,7,1.179641981,163,91.44542773,1917,104.0462428,2080
M18,EtOH,18 wk,M,7,7.43997454,2634,8.720930233,57,100.5747126,2691
M10,EtOH,6 wk,M,8,5.058006407,1221,86.95652174,1605,180.0766284,2826
M11,EtOH,6 wk,M,8,6.541092858,1234,74.34944238,805,219.5121951,2039
M12,EtOH,6 wk,M,8,9.372624176,1468,54.6875,629,204.7244094,2097
M13,EtOH,3 wk,M,8,3.980891355,736,131.2217195,1887,211.0091743,2623
M14,EtOH,3 wk,M,8,6.35352966,748,116.8224299,1549,223.255814,2297
M15,EtOH,3 wk,M,8,11.5286092,2187,36.03603604,521,258.8832487,2708
M16,EtOH,18 wk,M,8,3.752714431,1091,73.31378299,1124,128.8515406,2215
M17,EtOH,18 wk,M,8,0.693465835,104,104.0462428,2673,149.6598639,2777
M18,EtOH,18 wk,M,8,3.907055595,1140,71.83908046,1487,164.4295302,2627
M10,EtOH,6 wk,M,9,6.322508008,922,86.95652174,1187,166.0079051,2109
M11,EtOH,6 wk,M,9,2.973224026,2371,96.65427509,71,133.8289963,2442
M12,EtOH,6 wk,M,9,10.6223074,1003,3.90625,1491,136.71875,2494
M13,EtOH,3 wk,M,9,4.342790569,,85.97285068,,140.2714932,
M14,EtOH,3 wk,M,9,10.09090005,334,28.03738318,931,154.2056075,1265
M15,EtOH,3 wk,M,9,8.646456898,,9.009009009,,117.1171171,
M16,EtOH,18 wk,M,9,3.752714431,,70.38123167,,117.3020528,
M17,EtOH,18 wk,M,9,0.924621113,254,63.58381503,1915,75.14450867,2169
M18,EtOH,18 wk,M,9,8.04393799,3111,0,9,100.5747126,3120
M10,EtOH,6 wk,M,10,1.580627002,1468,47.43083004,1179,67.19367589,2647
M11,EtOH,6 wk,M,10,4.459836039,1103,78.0669145,642,133.8289963,1745
M12,EtOH,6 wk,M,10,9.372624176,1727,15.625,446,132.8125,2173
M13,EtOH,3 wk,M,10,2.533294498,660,113.1221719,2294,144.7963801,2954
M14,EtOH,3 wk,M,10,7.474740776,,46.72897196,,140.1869159,
M15,EtOH,3 wk,M,10,10.44780208,587,0,73,130.6306306,660
M16,EtOH,18 wk,M,10,4.456348387,,43.98826979,,99.70674487,
M17,EtOH,18 wk,M,10,0.462310557,12,72.25433526,2271,78.03468208,2283
M18,EtOH,18 wk,M,10,0,129,77.5862069,2559,77.5862069,2688
M10,EtOH,6 wk,M,11,6.954758809,1689,75.09881423,1540,162.055336,3229
M11,EtOH,6 wk,M,11,3.567868831,616,122.6765799,1050,167.2862454,1666
M12,EtOH,6 wk,M,11,11.87199062,2600,19.53125,170,167.96875,2770
M13,EtOH,3 wk,M,11,7.237984281,1547,63.34841629,1090,153.8461538,2637
M14,EtOH,3 wk,M,11,14.20200747,,0,,177.5700935,
M15,EtOH,3 wk,M,11,9.366994973,2029,72.07207207,1040,189.1891892,3069
M16,EtOH,18 wk,M,11,4.690893038,803,41.05571848,241,99.70674487,1044
M17,EtOH,18 wk,M,11,1.618086948,230,78.03468208,1931,98.26589595,2161
M18,EtOH,18 wk,M,11,7.354457591,2928,0,142,91.95402299,3070
M10,EtOH,6 wk,M,12,3.477379405,989,102.7667984,1750,146.2450593,2739
M11,EtOH,6 wk,M,12,1.783934416,549,115.2416357,1710,137.5464684,2259
M12,EtOH,6 wk,M,12,9.372624176,1562,35.15625,496,152.34375,2058
M13,EtOH,3 wk,M,12,4.342790569,1122,90.49773756,1521,144.7963801,2643
M14,EtOH,3 wk,M,12,10.09090005,,70.09345794,,196.2616822,
M15,EtOH,3 wk,M,12,5.764304599,951,85.58558559,1434,157.6576577,2385
M16,EtOH,18 wk,M,12,2.110901867,,85.04398827,,111.4369501,
M17,EtOH,18 wk,M,12,0,25,101.1560694,2833,101.1560694,2858
M18,EtOH,18 wk,M,12,0.2298268,86,91.95402299,2719,94.82758621,2805
M10,EtOH,6 wk,M,13,5.374131807,1725,83.00395257,1645,150.1976285,3370
M11,EtOH,6 wk,M,13,3.270546429,855,92.93680297,934,133.8289963,1789
M12,EtOH,6 wk,M,13,9.997465788,2326,3.90625,81,128.90625,2407
M13,EtOH,3 wk,M,13,6.152286639,1614,58.82352941,914,135.7466063,2528
M14,EtOH,3 wk,M,13,12.33332228,1786,9.345794393,146,163.5514019,1932
M15,EtOH,3 wk,M,13,3.602690374,944,117.1171171,2053,162.1621622,2997
M16,EtOH,18 wk,M,13,3.987259083,1032,58.65102639,236,108.5043988,1268
M17,EtOH,18 wk,M,13,0.231155278,165,78.03468208,2604,80.92485549,2769
M18,EtOH,18 wk,M,13,6.894803992,2265,2.873563218,147,89.08045977,2412
M10,EtOH,6 wk,M,14,6.954758809,,86.95652174,,173.9130435,
M11,EtOH,6 wk,M,14,2.378579221,,118.9591078,1271,148.6988848,1271
M12,EtOH,6 wk,M,14,10.93472821,2761,7.8125,177,144.53125,2938
M13,EtOH,3 wk,M,14,4.342790569,1232,72.39819005,1686,126.6968326,2918
M14,EtOH,3 wk,M,14,12.70705932,1794,0,102,158.8785047,1896
M15,EtOH,3 wk,M,14,4.683497486,1149,94.59459459,1882,153.1531532,3031
M16,EtOH,18 wk,M,14,2.579991171,689,61.58357771,747,93.84164223,1436
M17,EtOH,18 wk,M,14,0.462310557,229,80.92485549,2032,86.70520231,2261
M18,EtOH,18 wk,M,14,7.354457591,2201,2.873563218,358,94.82758621,2559
M1,H2O,6 wk,M,1,60.97560976,912,93.49593496,1545,154.4715447,2457
M2,H2O,6 wk,M,1,131.5789474,2744,39.47368421,822,171.0526316,3566
M3,H2O,6 wk,M,1,49.38271605,886,123.4567901,1875,172.8395062,2761
M4,H2O,3 wk,M,1,164.9484536,2583,25.77319588,338,190.7216495,2921
M5,H2O,3 wk,M,1,163.1578947,3335,26.31578947,399,189.4736842,3734
M6,H2O,3 wk,M,1,117.3184358,1799,145.2513966,2295,262.5698324,4094
M7,H2O,18 wk,M,1,92.75362319,2622,2.898550725,100,95.65217391,2722
M8,H2O,18 wk,M,1,98.24561404,3069,0,81,98.24561404,3150
M9,H2O,18 wk,M,1,77.96610169,1323,54.23728814,221,132.2033898,1544
M1,H2O,6 wk,M,2,117.8861789,1768,36.58536585,595,154.4715447,2363
M2,H2O,6 wk,M,2,17.54385965,449,179.8245614,3489,197.3684211,3938
M3,H2O,6 wk,M,2,82.30452675,1321,65.8436214,896,148.1481481,2217
M4,H2O,3 wk,M,2,10.30927835,215,159.7938144,0,170.1030928,215
M5,H2O,3 wk,M,2,15.78947368,479,189.4736842,3117,205.2631579,3596
M6,H2O,3 wk,M,2,128.4916201,1736,89.38547486,1592,217.877095,3328
M7,H2O,18 wk,M,2,84.05797101,2901,0,160,84.05797101,3061
M8,H2O,18 wk,M,2,0,0,101.754386,1835,101.754386,1835
M9,H2O,18 wk,M,2,47.45762712,172,88.13559322,2225,135.5932203,2397
M1,H2O,6 wk,M,3,69.10569106,1022,101.6260163,1603,170.7317073,2625
M2,H2O,6 wk,M,3,135.9649123,2853,52.63157895,801,188.5964912,3654
M3,H2O,6 wk,M,3,115.2263374,1962,37.03703704,557,152.2633745,2519
M4,H2O,3 wk,M,3,175.257732,2664,15.46391753,220,190.7216495,2884
M5,H2O,3 wk,M,3,231.5789474,3867,31.57894737,457,263.1578947,4324
M6,H2O,3 wk,M,3,72.62569832,1242,173.1843575,2615,245.8100559,3857
M7,H2O,18 wk,M,3,89.85507246,1925,8.695652174,378,98.55072464,2303
M8,H2O,18 wk,M,3,105.2631579,2651,21.05263158,239,126.3157895,2890
M9,H2O,18 wk,M,3,135.5932203,2439,10.16949153,34,145.7627119,2473
M1,H2O,6 wk,M,4,126.0162602,1666,60.97560976,820,186.9918699,2486
M2,H2O,6 wk,M,4,114.0350877,1801,92.10526316,1625,206.1403509,3426
M3,H2O,6 wk,M,4,49.38271605,661,127.5720165,1590,176.9547325,2251
M4,H2O,3 wk,M,4,25.77319588,123,216.4948454,2393,242.2680412,2516
M5,H2O,3 wk,M,4,57.89473684,513,210.5263158,3057,268.4210526,3570
M6,H2O,3 wk,M,4,173.1843575,1903,106.1452514,1522,279.3296089,3425
M7,H2O,18 wk,M,4,95.65217391,,14.49275362,,110.1449275,
M8,H2O,18 wk,M,4,10.52631579,0,140.3508772,2265,150.877193,2265
M9,H2O,18 wk,M,4,23.72881356,144,132.2033898,2401,155.9322034,2545
M1,H2O,6 wk,M,5,73.17073171,1370,85.36585366,1625,158.5365854,2995
M2,H2O,6 wk,M,5,122.8070175,2431,39.47368421,953,162.2807018,3384
M3,H2O,6 wk,M,5,127.5720165,2089,20.57613169,576,148.1481481,2665
M4,H2O,3 wk,M,5,164.9484536,2055,0,213,164.9484536,2268
M5,H2O,3 wk,M,5,152.6315789,2831,10.52631579,494,163.1578947,3325
M6,H2O,3 wk,M,5,55.86592179,1241,156.424581,2288,212.2905028,3529
M7,H2O,18 wk,M,5,81.15942029,,0,,81.15942029,
M8,H2O,18 wk,M,5,105.2631579,2750,0,51,105.2631579,2801
M9,H2O,18 wk,M,5,135.5932203,2468,0,40,135.5932203,2508
M1,H2O,6 wk,M,6,105.6910569,1710,40.6504065,700,146.3414634,2410
M2,H2O,6 wk,M,6,65.78947368,1212,96.49122807,1690,162.2807018,2902
M3,H2O,6 wk,M,6,12.34567901,387,144.0329218,2456,156.3786008,2843
M4,H2O,3 wk,M,6,10.30927835,151,175.257732,1831,185.5670103,1982
M5,H2O,3 wk,M,6,21.05263158,,205.2631579,,226.3157895,
M6,H2O,3 wk,M,6,173.1843575,2770,100.5586592,1465,273.7430168,4235
M7,H2O,18 wk,M,6,104.3478261,2971,0,104,104.3478261,3075
M8,H2O,18 wk,M,6,0,9,77.19298246,2377,77.19298246,2386
M9,H2O,18 wk,M,6,3.389830508,33,142.3728814,3225,145.7627119,3258
M1,H2O,6 wk,M,7,77.23577236,891,126.0162602,1859,191.5708812,2750
M2,H2O,6 wk,M,7,179.8245614,2685,48.24561404,536,211.3821138,3221
M3,H2O,6 wk,M,7,168.7242798,1597,49.38271605,527,208.6614173,2124
M4,H2O,3 wk,M,7,237.1134021,1531,25.77319588,27,233.9449541,1558
M5,H2O,3 wk,M,7,242.1052632,2723,57.89473684,342,265.1162791,3065
M6,H2O,3 wk,M,7,117.3184358,1458,206.7039106,2590,294.4162437,4048
M7,H2O,18 wk,M,7,98.55072464,2016,26.08695652,611,120.4481793,2627
M8,H2O,18 wk,M,7,143.8596491,2438,21.05263158,6,159.8639456,2444
M9,H2O,18 wk,M,7,162.7118644,2102,30.50847458,50,191.2751678,2152
M1,H2O,6 wk,M,8,118.7739464,1696,61.30268199,1696,180.0766284,3392
M2,H2O,6 wk,M,8,44.71544715,465,174.796748,465,219.5121951,930
M3,H2O,6 wk,M,8,51.18110236,531,153.5433071,531,204.7244094,1062
M4,H2O,3 wk,M,8,45.87155963,336,165.1376147,336,211.0091743,672
M5,H2O,3 wk,M,8,32.55813953,172,190.6976744,172,223.255814,344
M6,H2O,3 wk,M,8,137.0558376,2285,121.8274112,2285,258.8832487,4570
M7,H2O,18 wk,M,8,100.8403361,1826,28.01120448,1826,128.8515406,3652
M8,H2O,18 wk,M,8,13.60544218,8,136.0544218,8,149.6598639,16
M9,H2O,18 wk,M,8,147.6510067,,16.77852349,,164.4295302,
M1,H2O,6 wk,M,9,65.13409962,950,88.12260536,1638,153.256705,2588
M2,H2O,6 wk,M,9,105.6910569,2033,40.6504065,805,146.3414634,2838
M3,H2O,6 wk,M,9,118.1102362,2226,31.49606299,557,149.6062992,2783
M4,H2O,3 wk,M,9,123.853211,1220,13.76146789,126,137.6146789,1346
M5,H2O,3 wk,M,9,134.8837209,1791,41.86046512,521,176.744186,2312
M6,H2O,3 wk,M,9,50.76142132,961,157.3604061,2596,208.1218274,3557
M7,H2O,18 wk,M,9,70.0280112,1860,14.00560224,742,84.03361345,2602
M8,H2O,18 wk,M,9,102.0408163,2109,3.401360544,46,105.4421769,2155
M9,H2O,18 wk,M,9,10.06711409,1795,100.6711409,1413,110.738255,3208
M1,H2O,6 wk,M,10,91.95402299,1477,45.97701149,1477,137.9310345,2954
M2,H2O,6 wk,M,10,36.58536585,809,126.0162602,809,162.601626,1618
M3,H2O,6 wk,M,10,31.49606299,651,94.48818898,651,125.984252,1302
M4,H2O,3 wk,M,10,0,57,165.1376147,57,165.1376147,114
M5,H2O,3 wk,M,10,69.76744186,1074,79.06976744,1074,148.8372093,2148
M6,H2O,3 wk,M,10,106.5989848,2045,81.21827411,2045,187.8172589,4090
M7,H2O,18 wk,M,10,84.03361345,268,0,268,84.03361345,536
M8,H2O,18 wk,M,10,3.401360544,55,108.8435374,55,112.244898,110
M9,H2O,18 wk,M,10,83.89261745,55,43.62416107,55,127.5167785,110
M1,H2O,6 wk,M,11,65.13409962,790,88.12260536,1614,153.256705,2404
M2,H2O,6 wk,M,11,142.2764228,2535,40.6504065,722,182.9268293,3257
M3,H2O,6 wk,M,11,114.1732283,1597,39.37007874,706,153.5433071,2303
M4,H2O,3 wk,M,11,155.9633028,944,0,67,155.9633028,1011
M5,H2O,3 wk,M,11,116.2790698,1296,65.11627907,768,181.3953488,2064
M6,H2O,3 wk,M,11,45.68527919,506,142.1319797,1978,187.8172589,2484
M7,H2O,18 wk,M,11,84.03361345,2610,0,149,84.03361345,2759
M8,H2O,18 wk,M,11,95.23809524,2296,0,1,95.23809524,2297
M9,H2O,18 wk,M,11,57.04697987,,43.62416107,,100.6711409,
M1,H2O,6 wk,M,12,80.45977011,1439,38.31417625,1439,118.7739464,2878
M2,H2O,6 wk,M,12,28.45528455,628,121.9512195,628,150.4065041,1256
M3,H2O,6 wk,M,12,19.68503937,500,118.1102362,500,137.7952756,1000
M4,H2O,3 wk,M,12,0,48,160.5504587,48,160.5504587,96
M5,H2O,3 wk,M,12,32.55813953,482,144.1860465,482,176.744186,964
M6,H2O,3 wk,M,12,96.44670051,2089,86.29441624,2089,182.7411168,4178
M7,H2O,18 wk,M,12,95.23809524,2946,0,2946,95.23809524,5892
M8,H2O,18 wk,M,12,0,0,129.2517007,0,129.2517007,
M9,H2O,18 wk,M,12,43.62416107,,77.18120805,,120.8053691,
M1,H2O,6 wk,M,13,72.79693487,1033,88.12260536,1381,160.9195402,2414
M2,H2O,6 wk,M,13,93.49593496,1234,101.6260163,1358,195.1219512,2592
M3,H2O,6 wk,M,13,133.8582677,1749,31.49606299,395,165.3543307,2144
M4,H2O,3 wk,M,13,146.7889908,696,9.174311927,16,155.9633028,712
M5,H2O,3 wk,M,13,111.627907,1039,97.6744186,1078,209.3023256,2117
M6,H2O,3 wk,M,13,81.21827411,772,137.0558376,1860,218.2741117,2632
M7,H2O,18 wk,M,13,78.43137255,1794,14.00560224,250,92.43697479,2044
M8,H2O,18 wk,M,13,115.6462585,3044,3.401360544,4,119.047619,3048
M9,H2O,18 wk,M,13,53.69127517,898,70.46979866,388,124.1610738,1286
M1,H2O,6 wk,M,14,57.47126437,906,76.62835249,1572,134.0996169,2478
M2,H2O,6 wk,M,14,77.23577236,1034,97.56097561,1251,174.796748,2285
M3,H2O,6 wk,M,14,145.6692913,2029,0,109,145.6692913,2138
M4,H2O,3 wk,M,14,155.9633028,740,0,97,155.9633028,837
M5,H2O,3 wk,M,14,106.9767442,1099,60.46511628,906,167.4418605,2005
M6,H2O,3 wk,M,14,81.21827411,509,111.6751269,1895,192.893401,2404
M7,H2O,18 wk,M,14,0,104,92.43697479,2834,92.43697479,2938
M8,H2O,18 wk,M,14,98.63945578,2211,0,3,98.63945578,2214
M9,H2O,18 wk,M,14,67.11409396,1385,46.97986577,62,114.0939597,1447
M28,EtOH,18 wk,M,1,1.713851278,462,141.4634146,2989,170.7317073,3451
M29,EtOH,18 wk,M,1,4.412674555,1736,70.51282051,1062,173.0769231,2798
M30,EtOH,18 wk,M,1,3.998986315,1614,134.0206186,2421,211.3402062,4035
M31,EtOH,6 wk,M,1,3.353988522,1473,96.49122807,1568,153.5087719,3041
M32,EtOH,6 wk,M,1,2.249429802,878,87.33624454,1410,126.6375546,2288
M33,EtOH,6 wk,M,1,6.301432982,3323,17.24137931,361,129.3103448,3684
M34,EtOH,3 wk,M,1,5.41039325,979,50.50505051,151,127.9461279,1130
M35,EtOH,3 wk,M,1,0,19,149.0066225,1442,149.0066225,1461
M36,EtOH,3 wk,M,1,0,54,120.1298701,1710,120.1298701,1764
M28,EtOH,18 wk,M,2,6.632465108,995,102.4390244,2558,185.3658537,3553
M29,EtOH,18 wk,M,2,7.690358299,,121.7948718,,217.9487179,
M30,EtOH,18 wk,M,2,3.710399674,691,180.4123711,2632,226.8041237,3323
M31,EtOH,6 wk,M,2,3.507882733,515,122.8070175,2668,166.6666667,3183
M32,EtOH,6 wk,M,2,2.794051574,325,117.9039301,2193,152.8384279,2518
M33,EtOH,6 wk,M,2,10.68694619,2618,8.620689655,262,142.2413793,2880
M34,EtOH,3 wk,M,2,2.42362807,680,90.90909091,2383,121.2121212,3063
M35,EtOH,3 wk,M,2,10.3285077,2607,3.311258278,4,132.4503311,2611
M36,EtOH,3 wk,M,2,0.259674436,1,120.1298701,2797,123.3766234,2798
M28,EtOH,18 wk,M,3,3.901450064,,165.8536585,,214.6341463,
M29,EtOH,18 wk,M,3,12.81726383,,51.28205128,,211.5384615,
M30,EtOH,18 wk,M,3,7.420799348,1453,134.0206186,1247,226.8041237,2700
M31,EtOH,6 wk,M,3,5.261824099,799,105.2631579,1266,171.0526316,2065
M32,EtOH,6 wk,M,3,1.397025787,294,126.6375546,1752,144.1048035,2046
M33,EtOH,6 wk,M,3,10.34220599,2741,17.24137931,594,146.5517241,3335
M34,EtOH,3 wk,M,3,7.001592202,2295,30.3030303,276,117.8451178,2571
M35,EtOH,3 wk,M,3,1.324167654,1,129.1390728,2455,145.6953642,2456
M36,EtOH,3 wk,M,3,0.259674436,,116.8831169,,120.1298701,
M28,EtOH,18 wk,M,4,6.632465108,1166,87.80487805,1992,170.7317073,3158
M29,EtOH,18 wk,M,4,8.203048852,1951,108.974359,1189,211.5384615,3140
M30,EtOH,18 wk,M,4,3.710399674,909,180.4123711,3072,226.8041237,3981
M31,EtOH,6 wk,M,4,1.753941366,938,114.0350877,2898,135.9649123,3836
M32,EtOH,6 wk,M,4,0.349256447,255,117.9039301,1907,122.2707424,2162
M33,EtOH,6 wk,M,4,10.34220599,2808,12.93103448,403,142.2413793,3211
M34,EtOH,3 wk,M,4,0.538584016,265,111.1111111,2566,117.8451178,2831
M35,EtOH,3 wk,M,4,9.004340048,2267,3.311258278,1,115.8940397,2268
M36,EtOH,3 wk,M,4,0,,123.3766234,,123.3766234,
M28,EtOH,18 wk,M,5,7.412755121,1625,87.80487805,1414,180.4878049,3039
M29,EtOH,18 wk,M,5,15.89340715,2893,38.46153846,455,237.1794872,3348
M30,EtOH,18 wk,M,5,8.245332609,1908,103.0927835,1717,206.185567,3625
M31,EtOH,6 wk,M,5,4.560247552,1216,74.56140351,1508,131.5789474,2724
M32,EtOH,6 wk,M,5,0,358,139.7379913,1839,139.7379913,2197
M33,EtOH,6 wk,M,5,11.72116679,3957,0,9,146.5517241,3966
M34,EtOH,3 wk,M,5,3.500796101,,74.07407407,,117.8451178,
M35,EtOH,3 wk,M,5,0,,122.5165563,,122.5165563,
M36,EtOH,3 wk,M,5,0,,100.6493506,,100.6493506,
M28,EtOH,18 wk,M,6,6.242320102,1071,92.68292683,1935,170.7317073,3006
M29,EtOH,18 wk,M,6,15.3807166,2158,32.05128205,230,224.3589744,2388
M30,EtOH,18 wk,M,6,3.298133044,247,231.9587629,3335,273.1958763,3582
M31,EtOH,6 wk,M,6,5.612612372,1266,92.10526316,1825,162.2807018,3091
M32,EtOH,6 wk,M,6,0.349256447,144,135.371179,2527,139.7379913,2671
M33,EtOH,6 wk,M,6,11.37642659,2456,12.93103448,189,155.1724138,2645
M34,EtOH,3 wk,M,6,0.807876023,137,131.3131313,2757,141.4141414,2894
M35,EtOH,3 wk,M,6,9.79884064,1515,6.622516556,0,129.1390728,1515
M36,EtOH,3 wk,M,6,0,0,133.1168831,3125,133.1168831,3125
M28,EtOH,18 wk,M,7,9.753625159,2136,43.90243902,839,155.2511416,2975
M29,EtOH,18 wk,M,7,13.84264494,2274,0,57,160.7142857,2331
M30,EtOH,18 wk,M,7,4.534932935,1237,170.1030928,2824,217.8217822,4061
M31,EtOH,6 wk,M,7,9.120495105,2543,13.15789474,405,123.9316239,2948
M32,EtOH,6 wk,M,7,0.349256447,403,131.0043668,2711,130.8016878,3114
M33,EtOH,6 wk,M,7,9.307985389,2305,0,207,116.3793103,2512
M34,EtOH,3 wk,M,7,4.308672124,1105,60.60606061,411,114.0939597,1516
M35,EtOH,3 wk,M,7,0,3,132.4503311,506,127.7955272,509
M36,EtOH,3 wk,M,7,0,7,100.6493506,470,100,477
M28,EtOH,18 wk,M,8,9.130105743,,73.05936073,,187.2146119,
M29,EtOH,18 wk,M,8,14.28209398,2638,11.9047619,77,190.4761905,
M30,EtOH,18 wk,M,8,2.375635435,528,207.9207921,3200,237.6237624,3728
M31,EtOH,6 wk,M,8,7.519461447,1818,89.74358974,1494,183.7606838,3312
M32,EtOH,6 wk,M,8,0.3374672,20,139.2405063,2589,143.4599156,2609
M33,EtOH,6 wk,M,8,13.44486778,2472,34.48275862,105,202.5862069,2577
M34,EtOH,3 wk,M,8,1.341941717,383,107.3825503,2523,124.1610738,2906
M35,EtOH,3 wk,M,8,9.709998721,2705,3.194888179,2,124.600639,2707
M36,EtOH,3 wk,M,8,0,2,122.5806452,3005,122.5806452,3007
M28,EtOH,18 wk,M,9,0,1772,50.2283105,1194,50.2283105,2966
M29,EtOH,18 wk,M,9,14.28209398,2486,5.952380952,,184.5238095,2486
M30,EtOH,18 wk,M,9,3.563453152,958,173.2673267,2834,217.8217822,3792
M31,EtOH,6 wk,M,9,7.519461447,2427,38.46153846,714,132.4786325,3141
M32,EtOH,6 wk,M,9,0,5,156.1181435,2399,156.1181435,2404
M33,EtOH,6 wk,M,9,10.68694619,2875,,28,133.6206897,2903
M34,EtOH,3 wk,M,9,3.489048463,976,83.89261745,974,127.5167785,1950
M35,EtOH,3 wk,M,9,3.066315385,636,92.65175719,915,130.9904153,1551
M36,EtOH,3 wk,M,9,0,3,129.0322581,343,129.0322581,346
M28,EtOH,18 wk,M,10,12.05173958,1726,59.36073059,727,210.0456621,2453
M29,EtOH,18 wk,M,10,12.85388458,2103,29.76190476,191,190.4761905,2294
M30,EtOH,18 wk,M,10,5.147210109,824,168.3168317,2782,232.6732673,3606
M31,EtOH,6 wk,M,10,6.152286639,1646,81.1965812,1640,158.1196581,3286
M32,EtOH,6 wk,M,10,0,4,181.4345992,2622,181.4345992,2626
M33,EtOH,6 wk,M,10,12.41064719,2431,8.620689655,5,163.7931034,2436
M34,EtOH,3 wk,M,10,1.341941717,0,124.1610738,72,140.9395973,72
M35,EtOH,3 wk,M,10,9.965525003,2622,9.584664537,,134.1853035,2622
M36,EtOH,3 wk,M,10,0.257999117,0,106.4516129,2753,109.6774194,2753
M28,EtOH,18 wk,M,11,10.95612689,2082,31.96347032,804,168.9497717,2886
M29,EtOH,18 wk,M,11,13.80602418,2689,5.952380952,43,178.5714286,2732
M30,EtOH,18 wk,M,11,0.395939239,120,217.8217822,3431,222.7722772,3551
M31,EtOH,6 wk,M,11,7.86125515,2182,51.28205128,941,149.5726496,3123
M32,EtOH,6 wk,M,11,0.3374672,0,135.021097,2494,139.2405063,2494
M33,EtOH,6 wk,M,11,11.37642659,3175,0,6,142.2413793,3181
M34,EtOH,3 wk,M,11,2.147106746,613,127.5167785,969,154.3624161,1582
M35,EtOH,3 wk,M,11,3.57736795,437,54.31309904,109,99.04153355,546
M36,EtOH,3 wk,M,11,0,0,125.8064516,325,125.8064516,325
M28,EtOH,18 wk,M,12,9.495309972,2186,27.39726027,557,146.1187215,2743
M29,EtOH,18 wk,M,12,13.32995438,2341,11.9047619,145,178.5714286,2486
M30,EtOH,18 wk,M,12,0.395939239,99,207.9207921,4136,212.8712871,4235
M31,EtOH,6 wk,M,12,1.367174809,328,115.3846154,2584,132.4786325,2912
M32,EtOH,6 wk,M,12,0,3,118.1434599,2413,118.1434599,2416
M33,EtOH,6 wk,M,12,8.963245189,2727,0,87,112.0689655,2814
M34,EtOH,3 wk,M,12,0.80516503,431,104.0268456,2462,114.0939597,2893
M35,EtOH,3 wk,M,12,6.132630771,1133,25.55910543,238,102.2364217,1371
M36,EtOH,3 wk,M,12,0,0,100,3806,100,3806
M28,EtOH,18 wk,M,13,12.05173958,,31.96347032,,182.6484018,
M29,EtOH,18 wk,M,13,12.85388458,3892,23.80952381,295,184.5238095,4187
M30,EtOH,18 wk,M,13,1.583756957,183,212.8712871,3920,232.6732673,4103
M31,EtOH,6 wk,M,13,5.468699235,1469,76.92307692,1322,145.2991453,2791
M32,EtOH,6 wk,M,13,0.3374672,0,143.4599156,2613,147.6793249,2613
M33,EtOH,6 wk,M,13,12.75538738,2343,0,6,159.4827586,2349
M34,EtOH,3 wk,M,13,1.878718403,302,107.3825503,1137,130.8724832,1439
M35,EtOH,3 wk,M,13,2.299736539,679,86.26198083,482,115.0159744,1161
M36,EtOH,3 wk,M,13,0.515998234,3,106.4516129,379,112.9032258,382
M28,EtOH,18 wk,M,14,11.68653535,2153,11.68653535,432,173.5159817,2585
M29,EtOH,18 wk,M,14,12.85388458,0,12.85388458,,190.4761905,
M30,EtOH,18 wk,M,14,2.375635435,341,2.375635435,3657,232.6732673,3998
M31,EtOH,6 wk,M,14,2.392555915,487,2.392555915,3053,162.3931624,3540
M32,EtOH,6 wk,M,14,0,0,0,2511,135.021097,2511
M33,EtOH,6 wk,M,14,11.72116679,2851,11.72116679,2,146.5517241,2853
M34,EtOH,3 wk,M,14,2.683883433,778,2.683883433,2115,120.8053691,2893
M35,EtOH,3 wk,M,14,6.643683335,2156,6.643683335,115,92.65175719,2271
M36,EtOH,3 wk,M,14,0.257999117,0,0.257999117,3376,103.2258065,3376
M19,H2O,18 wk,M,1,60.50955414,2087,44.58598726,89,105.0955414,2176
M20,H2O,18 wk,M,1,119.1860465,1930,5.813953488,0,125,1930
M21,H2O,18 wk,M,1,119.133574,3053,36.10108303,577,155.234657,3630
M22,H2O,6 wk,M,1,154.8117155,,37.65690377,,192.4686192,
M23,H2O,6 wk,M,1,131.2741313,2111,15.44401544,271,146.7181467,2382
M24,H2O,6 wk,M,1,58.09128631,891,178.4232365,2329,236.5145228,3220
M25,H2O,3 wk,M,1,210.8433735,2927,24.09638554,148,234.939759,3075
M26,H2O,3 wk,M,1,120.8791209,1840,115.3846154,1643,236.2637363,3483
M27,H2O,3 wk,M,1,232.3232323,3036,45.45454545,793,277.7777778,3829
M19,H2O,18 wk,M,2,0,237,79.61783439,1317,79.61783439,1554
M20,H2O,18 wk,M,2,0,4,119.1860465,1885,119.1860465,1889
M21,H2O,18 wk,M,2,25.27075812,695,108.3032491,1863,133.5740072,2558
M22,H2O,6 wk,M,2,4.184100418,192,175.7322176,2882,179.916318,3074
M23,H2O,6 wk,M,2,0,,138.996139,,138.996139,
M24,H2O,6 wk,M,2,45.64315353,593,112.033195,1379,157.6763485,1972
M25,H2O,3 wk,M,2,12.04819277,245,150.6024096,1178,162.6506024,1423
M26,H2O,3 wk,M,2,10.98901099,517,164.8351648,2374,175.8241758,2891
M27,H2O,3 wk,M,2,20.2020202,389,212.1212121,4031,232.3232323,4420
M19,H2O,18 wk,M,3,76.43312102,2339,38.21656051,72,114.6496815,2411
M20,H2O,18 wk,M,3,142.4418605,3248,11.62790698,0,154.0697674,3248
M21,H2O,18 wk,M,3,176.8953069,3564,18.05054152,216,194.9458484,3780
M22,H2O,6 wk,M,3,163.1799163,3023,29.28870293,245,192.4686192,3268
M23,H2O,6 wk,M,3,177.6061776,2960,11.58301158,2,189.1891892,2962
M24,H2O,6 wk,M,3,186.7219917,2729,74.68879668,462,261.4107884,3191
M25,H2O,3 wk,M,3,234.939759,2762,24.09638554,90,259.0361446,2852
M26,H2O,3 wk,M,3,159.3406593,1723,93.40659341,1119,252.7472527,2842
M27,H2O,3 wk,M,3,257.5757576,4070,25.25252525,229,282.8282828,4299
M19,H2O,18 wk,M,4,6.369426752,64,82.80254777,1512,89.17197452,1576
M20,H2O,18 wk,M,4,0,22,130.8139535,2578,130.8139535,2600
M21,H2O,18 wk,M,4,3.610108303,9,151.6245487,4407,155.234657,4416
M22,H2O,6 wk,M,4,20.92050209,200,138.0753138,2555,158.9958159,2755
M23,H2O,6 wk,M,4,0,3,119.6911197,2466,119.6911197,2469
M24,H2O,6 wk,M,4,0,37,215.7676349,3975,215.7676349,4012
M25,H2O,3 wk,M,4,24.09638554,95,186.746988,2461,210.8433735,2556
M26,H2O,3 wk,M,4,65.93406593,514,148.3516484,1762,214.2857143,2276
M27,H2O,3 wk,M,4,10.1010101,91,222.2222222,3513,232.3232323,3604
M19,H2O,18 wk,M,5,50.95541401,1567,63.69426752,416,114.6496815,1983
M20,H2O,18 wk,M,5,130.8139535,2366,8.720930233,8,139.5348837,2374
M21,H2O,18 wk,M,5,180.5054152,3714,0,0,180.5054152,3714
M22,H2O,6 wk,M,5,154.8117155,3009,16.73640167,38,171.5481172,3047
M23,H2O,6 wk,M,5,162.1621622,2872,7.722007722,122,169.8841699,2994
M24,H2O,6 wk,M,5,224.06639,3256,12.44813278,46,236.5145228,3302
M25,H2O,3 wk,M,5,180.7228916,1912,18.07228916,216,198.7951807,2128
M26,H2O,3 wk,M,5,175.8241758,2151,71.42857143,865,247.2527473,3016
M27,H2O,3 wk,M,5,227.2727273,3923,30.3030303,273,257.5757576,4196
M19,H2O,18 wk,M,6,15.92356688,131,98.72611465,1848,114.6496815,1979
M20,H2O,18 wk,M,6,8.720930233,8,130.8139535,2769,139.5348837,2777
M21,H2O,18 wk,M,6,18.05054152,67,162.4548736,3605,180.5054152,3672
M22,H2O,6 wk,M,6,20.92050209,136,167.3640167,1920,188.2845188,2056
M23,H2O,6 wk,M,6,19.30501931,40,146.7181467,2695,166.023166,2735
M24,H2O,6 wk,M,6,16.59751037,,240.6639004,,257.2614108,
M25,H2O,3 wk,M,6,66.26506024,561,168.6746988,2180,234.939759,2741
M26,H2O,3 wk,M,6,98.9010989,815,170.3296703,1496,269.2307692,2311
M27,H2O,3 wk,M,6,25.25252525,127,232.3232323,3374,257.5757576,3501
M19,H2O,18 wk,M,7,41.40127389,1553,57.32484076,595,95.09202454,2148
M20,H2O,18 wk,M,7,130.8139535,3457,0,22,128.9398281,3479
M21,H2O,18 wk,M,7,158.8447653,3677,0,20,158.8447653,3697
M22,H2O,6 wk,M,7,150.6276151,3226,16.73640167,172,161.9433198,3398
M23,H2O,6 wk,M,7,173.7451737,,0,,169.1729323,
M24,H2O,6 wk,M,7,244.813278,3980,4.149377593,32,236.2204724,4012
M25,H2O,3 wk,M,7,156.626506,2036,42.1686747,431,171.875,2467
M26,H2O,3 wk,M,7,142.8571429,1715,87.91208791,1110,207.9207921,2825
M27,H2O,3 wk,M,7,232.3232323,3532,10.1010101,168,230.7692308,3700
M19,H2O,18 wk,M,8,24.5398773,639,64.41717791,1314,88.95705521,1953
M20,H2O,18 wk,M,8,2.865329513,37,126.0744986,3773,128.9398281,3810
M21,H2O,18 wk,M,8,7.220216606,155,162.4548736,4055,169.6750903,4210
M22,H2O,6 wk,M,8,16.19433198,,153.8461538,,170.0404858,
M23,H2O,6 wk,M,8,3.759398496,65,139.0977444,2763,142.8571429,2828
M24,H2O,6 wk,M,8,1.968503937,10,204.7244094,3775,206.6929134,3785
M25,H2O,3 wk,M,8,57.29166667,601,140.625,2124,197.9166667,2725
M26,H2O,3 wk,M,8,94.05940594,1293,118.8118812,1632,212.8712871,2925
M27,H2O,3 wk,M,8,28.84615385,406,192.3076923,3326,221.1538462,3732
M19,H2O,18 wk,M,9,30.67484663,1162,85.88957055,347,116.5644172,1509
M20,H2O,18 wk,M,9,134.6704871,2646,5.730659026,17,140.4011461,2663
M21,H2O,18 wk,M,9,137.1841155,3790,0,532,137.1841155,4322
M22,H2O,6 wk,M,9,165.9919028,3485,16.19433198,113,182.1862348,3598
M23,H2O,6 wk,M,9,139.0977444,2086,15.03759398,62,154.1353383,2148
M24,H2O,6 wk,M,9,200.7874016,3332,11.81102362,2,212.5984252,3334
M25,H2O,3 wk,M,9,166.6666667,1952,52.08333333,412,218.75,2364
M26,H2O,3 wk,M,9,108.9108911,,108.9108911,,217.8217822,
M27,H2O,3 wk,M,9,230.7692308,2849,33.65384615,232,264.4230769,3081
M19,H2O,18 wk,M,10,73.6196319,407,46.01226994,1759,119.6319018,2166
M20,H2O,18 wk,M,10,17.19197708,12,146.1318052,4491,163.3237822,4503
M21,H2O,18 wk,M,10,36.10108303,414,137.1841155,2970,173.2851986,3384
M22,H2O,6 wk,M,10,24.29149798,6,165.9919028,3429,190.2834008,3435
M23,H2O,6 wk,M,10,11.27819549,16,161.6541353,2620,172.9323308,2636
M24,H2O,6 wk,M,10,11.81102362,6,224.4094488,3482,236.2204724,3488
M25,H2O,3 wk,M,10,83.33333333,636,130.2083333,1552,213.5416667,2188
M26,H2O,3 wk,M,10,49.5049505,301,183.1683168,2017,232.6732673,2318
M27,H2O,3 wk,M,10,57.69230769,586,187.5,3044,245.1923077,3630
M19,H2O,18 wk,M,11,36.80981595,1004,55.21472393,1454,92.02453988,2458
M20,H2O,18 wk,M,11,137.5358166,2786,0,33,137.5358166,2819
M21,H2O,18 wk,M,11,140.7942238,0,28.88086643,76,169.6750903,76
M22,H2O,6 wk,M,11,141.7004049,,24.29149798,,165.9919028,
M23,H2O,6 wk,M,11,142.8571429,,7.518796992,,150.3759398,
M24,H2O,6 wk,M,11,224.4094488,3627,11.81102362,78,236.2204724,3705
M25,H2O,3 wk,M,11,145.8333333,1485,62.5,521,208.3333333,2006
M26,H2O,3 wk,M,11,133.6633663,1439,74.25742574,779,207.9207921,2218
M27,H2O,3 wk,M,11,173.0769231,2181,52.88461538,664,225.9615385,2845
M19,H2O,18 wk,M,12,12.26993865,363,95.09202454,2414,107.3619632,2777
M20,H2O,18 wk,M,12,5.730659026,7,143.2664756,3662,148.9971347,3669
M21,H2O,18 wk,M,12,3.610108303,84,140.7942238,3688,144.4043321,3772
M22,H2O,6 wk,M,12,24.29149798,,121.4574899,,145.7489879,
M23,H2O,6 wk,M,12,3.759398496,63,131.5789474,2309,135.3383459,2372
M24,H2O,6 wk,M,12,11.81102362,148,169.2913386,3167,181.1023622,3315
M25,H2O,3 wk,M,12,52.08333333,563,140.625,2140,192.7083333,2703
M26,H2O,3 wk,M,12,34.65346535,395,158.4158416,1488,193.0693069,1883
M27,H2O,3 wk,M,12,67.30769231,1027,129.8076923,2697,197.1153846,3724
M19,H2O,18 wk,M,13,21.47239264,1098,42.94478528,1129,64.41717791,2227
M20,H2O,18 wk,M,13,126.0744986,4184,8.595988539,45,134.6704871,4229
M21,H2O,18 wk,M,13,140.7942238,3210,0,49,140.7942238,3259
M22,H2O,6 wk,M,13,141.7004049,2276,0,115,141.7004049,2391
M23,H2O,6 wk,M,13,116.5413534,2104,0,59,116.5413534,2163
M24,H2O,6 wk,M,13,173.2283465,3350,0,107,173.2283465,3457
M25,H2O,3 wk,M,13,125,1757,67.70833333,814,192.7083333,2571
M26,H2O,3 wk,M,13,128.7128713,1575,49.5049505,482,178.2178218,2057
M27,H2O,3 wk,M,13,153.8461538,2666,43.26923077,817,197.1153846,3483
M19,H2O,18 wk,M,14,36.80981595,823,73.6196319,2074,110.4294479,2897
M20,H2O,18 wk,M,14,11.46131805,199,148.9971347,3547,160.4584527,3746
M21,H2O,18 wk,M,14,21.66064982,159,162.4548736,2470,184.1155235,2629
M22,H2O,6 wk,M,14,36.43724696,0,161.9433198,3545,198.3805668,3545
M23,H2O,6 wk,M,14,30.07518797,936,120.3007519,1559,150.3759398,2495
M24,H2O,6 wk,M,14,11.81102362,,212.5984252,,224.4094488,
M25,H2O,3 wk,M,14,125,,125,,250,
M26,H2O,3 wk,M,14,69.30693069,482,178.2178218,1596,247.5247525,2078
M27,H2O,3 wk,M,14,52.88461538,491,149.0384615,2326,201.9230769,2817
